model,feature_set,target_transform,fold,k
Physics_k_times_fatigue_power_5,SINGLE_fatigue_power_5,direct,1,4.267493232373312e-11
Physics_k_times_fatigue_power_5,SINGLE_fatigue_power_5,direct,2,4.282069376328464e-11
Physics_k_times_fatigue_power_5,SINGLE_fatigue_power_5,direct,3,4.262504747981693e-11
Physics_k_times_fatigue_power_5,SINGLE_fatigue_power_5,direct,4,4.281128384969184e-11
Physics_k_times_fatigue_power_5,SINGLE_fatigue_power_5,direct,5,4.27633591282089e-11
Physics_k_times_fatigue_power_5,SINGLE_fatigue_power_5,direct,6,4.2678785580780825e-11
Physics_k_times_fatigue_power_5,SINGLE_fatigue_power_5,direct,7,4.273178462855985e-11
Physics_k_times_fatigue_power_5,SINGLE_fatigue_power_5,direct,8,4.264286522028098e-11
Physics_k_times_fatigue_power_5,SINGLE_fatigue_power_5,direct,9,4.25861596552293e-11
Physics_k_times_fatigue_power_5,SINGLE_fatigue_power_5,direct,10,4.3087613289294705e-11
Physics_k_times_fatigue_power_5,SINGLE_fatigue_power_5,direct,11,4.266773462092841e-11
Physics_k_times_fatigue_power_5,SINGLE_fatigue_power_5,direct,12,4.2680136338888384e-11
Physics_k_times_fatigue_power_5,SINGLE_fatigue_power_5,direct,13,4.2870251935976233e-11
Physics_k_times_fatigue_power_5,SINGLE_fatigue_power_5,direct,14,4.28935528869973e-11
Physics_k_times_fatigue_power_5,SINGLE_fatigue_power_5,direct,15,4.2600382908555896e-11
Physics_k_times_fatigue_power_5,SINGLE_fatigue_power_5,direct,16,4.2638161596564104e-11
Physics_k_times_fatigue_power_5,SINGLE_fatigue_power_5,direct,17,4.28611904499221e-11
Physics_k_times_fatigue_power_5,SINGLE_fatigue_power_5,direct,18,4.2764770843974954e-11
Physics_k_times_fatigue_power_5,SINGLE_fatigue_power_5,direct,19,4.2739654109364114e-11
Physics_k_times_fatigue_power_5,SINGLE_fatigue_power_5,direct,20,4.2690670596007964e-11
Physics_k_times_fatigue_power_5,SINGLE_fatigue_power_5,direct,21,4.264642844737525e-11
Physics_k_times_fatigue_power_5,SINGLE_fatigue_power_5,direct,22,4.304095766880985e-11
Physics_k_times_fatigue_power_5,SINGLE_fatigue_power_5,direct,23,4.273089247378277e-11
Physics_k_times_fatigue_power_5,SINGLE_fatigue_power_5,direct,24,4.258232388090958e-11
Physics_k_times_fatigue_power_5,SINGLE_fatigue_power_5,direct,25,4.274719626519189e-11
Physics_k_times_fatigue_power_5,SINGLE_fatigue_power_5,direct,26,4.2670607683231936e-11
Physics_k_times_fatigue_power_5,SINGLE_fatigue_power_5,direct,27,4.273479329781347e-11
Physics_k_times_fatigue_power_5,SINGLE_fatigue_power_5,direct,28,4.29986039802754e-11
Physics_k_times_fatigue_power_5,SINGLE_fatigue_power_5,direct,29,4.261349969576938e-11
Physics_k_times_fatigue_power_5,SINGLE_fatigue_power_5,direct,30,4.27316235860078e-11
Physics_k_times_fatigue_power_5,SINGLE_fatigue_power_5,direct,31,4.2797433388839254e-11
Physics_k_times_fatigue_power_5,SINGLE_fatigue_power_5,direct,32,4.272055455877843e-11
Physics_k_times_fatigue_power_5,SINGLE_fatigue_power_5,direct,33,4.251684489369025e-11
Physics_k_times_fatigue_power_5,SINGLE_fatigue_power_5,direct,34,4.2748272219632446e-11
Physics_k_times_fatigue_power_5,SINGLE_fatigue_power_5,direct,35,4.288451490028891e-11
Physics_k_times_fatigue_power_5,SINGLE_fatigue_power_5,direct,36,4.2956505010019204e-11
Physics_k_times_fatigue_power_5,SINGLE_fatigue_power_5,direct,37,4.2720757471753485e-11
Physics_k_times_fatigue_power_5,SINGLE_fatigue_power_5,direct,38,4.2719553199661027e-11
Physics_k_times_fatigue_power_5,SINGLE_fatigue_power_5,direct,39,4.257512188556053e-11
Physics_k_times_fatigue_power_5,SINGLE_fatigue_power_5,direct,40,4.273544711321813e-11
Physics_k_times_fatigue_power_5,SINGLE_fatigue_power_5,direct,41,4.2820846089159554e-11
Physics_k_times_fatigue_power_5,SINGLE_fatigue_power_5,direct,42,4.2580340747606005e-11
Physics_k_times_fatigue_power_5,SINGLE_fatigue_power_5,direct,43,4.277471312975613e-11
Physics_k_times_fatigue_power_5,SINGLE_fatigue_power_5,direct,44,4.2719979295984316e-11
Physics_k_times_fatigue_power_5,SINGLE_fatigue_power_5,direct,45,4.282862262285105e-11
Physics_k_times_fatigue_power_5,SINGLE_fatigue_power_5,direct,46,4.267677132470135e-11
Physics_k_times_fatigue_power_5,SINGLE_fatigue_power_5,direct,47,4.3008431930730844e-11
Physics_k_times_fatigue_power_5,SINGLE_fatigue_power_5,direct,48,4.2624787516571386e-11
Physics_k_times_fatigue_power_5,SINGLE_fatigue_power_5,direct,49,4.2713035147225044e-11
Physics_k_times_fatigue_power_5,SINGLE_fatigue_power_5,direct,50,4.2744575473115177e-11
Physics_k_times_fatigue_power_5,SINGLE_fatigue_power_5,direct,51,4.2670454956128225e-11
Physics_k_times_fatigue_power_5,SINGLE_fatigue_power_5,direct,52,4.280174803274182e-11
Physics_k_times_fatigue_power_5,SINGLE_fatigue_power_5,direct,53,4.28643772267927e-11
Physics_k_times_fatigue_power_5,SINGLE_fatigue_power_5,direct,54,4.269357381675816e-11
Physics_k_times_fatigue_power_5,SINGLE_fatigue_power_5,direct,55,4.2737135326531686e-11
Physics_k_times_fatigue_power_5,SINGLE_fatigue_power_5,direct,56,4.281015241696702e-11
Physics_k_times_fatigue_power_5,SINGLE_fatigue_power_5,direct,57,4.2755062250577114e-11
Physics_k_times_fatigue_power_5,SINGLE_fatigue_power_5,direct,58,4.273468532279401e-11
Physics_k_times_fatigue_power_5,SINGLE_fatigue_power_5,direct,59,4.2593963441773634e-11
Physics_k_times_fatigue_power_5,SINGLE_fatigue_power_5,direct,60,4.2821114883155495e-11
Physics_k_times_fatigue_power_5,SINGLE_fatigue_power_5,direct,61,4.26971025919756e-11
Physics_k_times_fatigue_power_5,SINGLE_fatigue_power_5,direct,62,4.3005771606448575e-11
Physics_k_times_fatigue_power_5,SINGLE_fatigue_power_5,direct,63,4.274181138640352e-11
Physics_k_times_fatigue_power_5,SINGLE_fatigue_power_5,direct,64,4.26394141868413e-11
Physics_k_times_fatigue_power_5,SINGLE_fatigue_power_5,direct,65,4.263963189806222e-11
Physics_k_times_fatigue_power_5,SINGLE_fatigue_power_5,direct,66,4.2769440386903086e-11
Physics_k_times_fatigue_power_5,SINGLE_fatigue_power_5,direct,67,4.265744875611831e-11
Physics_k_times_fatigue_power_5,SINGLE_fatigue_power_5,direct,68,4.2730690417029815e-11
Physics_k_times_fatigue_power_5,SINGLE_fatigue_power_5,direct,69,4.295967438457394e-11
Physics_k_times_fatigue_power_5,SINGLE_fatigue_power_5,direct,70,4.2652506702218006e-11
Physics_k_times_fatigue_power_5,SINGLE_fatigue_power_5,direct,71,4.303224786550021e-11
Physics_k_times_fatigue_power_5,SINGLE_fatigue_power_5,direct,72,4.272079689614984e-11
Physics_k_times_fatigue_power_5,SINGLE_fatigue_power_5,direct,73,4.266594381864295e-11
Physics_k_times_fatigue_power_5,SINGLE_fatigue_power_5,direct,74,4.2634032431026944e-11
Physics_k_times_fatigue_power_5,SINGLE_fatigue_power_5,direct,75,4.270636830529002e-11
Physics_k_times_fatigue_power_5,SINGLE_fatigue_power_5,direct,76,4.269514621049713e-11
Physics_k_times_fatigue_power_5,SINGLE_fatigue_power_5,direct,77,4.270809544042107e-11
Physics_k_times_fatigue_power_5,SINGLE_fatigue_power_5,direct,78,4.258504744436863e-11
Physics_k_times_fatigue_power_5,SINGLE_fatigue_power_5,direct,79,4.287356950867715e-11
Physics_k_times_fatigue_power_5,SINGLE_fatigue_power_5,direct,80,4.284767631003859e-11
Physics_k_times_fatigue_power_5,SINGLE_fatigue_power_5,direct,81,4.267658011001707e-11
Physics_k_times_fatigue_power_5,SINGLE_fatigue_power_5,direct,82,4.268988826643834e-11
Physics_k_times_fatigue_power_5,SINGLE_fatigue_power_5,direct,83,4.2560766563216864e-11
Physics_k_times_fatigue_power_5,SINGLE_fatigue_power_5,direct,84,4.274949917146206e-11
Physics_k_times_fatigue_power_5,SINGLE_fatigue_power_5,direct,85,4.302997984135014e-11
Physics_k_times_fatigue_power_5,SINGLE_fatigue_power_5,direct,86,4.256581425909758e-11
Physics_k_times_fatigue_power_5,SINGLE_fatigue_power_5,direct,87,4.2673928235723e-11
Physics_k_times_fatigue_power_5,SINGLE_fatigue_power_5,direct,88,4.280775623304546e-11
Physics_k_times_fatigue_power_5,SINGLE_fatigue_power_5,direct,89,4.2920088711204124e-11
Physics_k_times_fatigue_power_5,SINGLE_fatigue_power_5,direct,90,4.2722762651805973e-11
Physics_k_times_fatigue_power_5,SINGLE_fatigue_power_5,direct,91,4.268981272246317e-11
Physics_k_times_fatigue_power_5,SINGLE_fatigue_power_5,direct,92,4.2579851952944437e-11
Physics_k_times_fatigue_power_5,SINGLE_fatigue_power_5,direct,93,4.27293220631393e-11
Physics_k_times_fatigue_power_5,SINGLE_fatigue_power_5,direct,94,4.2706933505803626e-11
Physics_k_times_fatigue_power_5,SINGLE_fatigue_power_5,direct,95,4.3026650177490545e-11
Physics_k_times_fatigue_power_5,SINGLE_fatigue_power_5,direct,96,4.271964976404528e-11
Physics_k_times_fatigue_power_5,SINGLE_fatigue_power_5,direct,97,4.2845297621900724e-11
Physics_k_times_fatigue_power_5,SINGLE_fatigue_power_5,direct,98,4.259142705605526e-11
Physics_k_times_fatigue_power_5,SINGLE_fatigue_power_5,direct,99,4.2774060453068996e-11
Physics_k_times_fatigue_power_5,SINGLE_fatigue_power_5,direct,100,4.277085374436071e-11
