filename,mean,median,std,variance,minimum,maximum,peak_to_peak,rms,mean_absolute_value,maximum_absolute_value,skewness,kurtosis,q01,q05,q25,q75,q95,q99,abs_q50,abs_q90,abs_q95,abs_q99,abs_q999,mean_absolute_diff,std_diff,rms_diff,max_absolute_diff,zero_crossing_count,turning_point_count,rainflow_cycle_count,rainflow_total_count,range_mean,range_std,range_median,range_max,range_q75,range_q90,range_q95,range_q99,weighted_range_mean,fatigue_power_2,fatigue_power_2_per_cycle,fatigue_power_3,fatigue_power_3_per_cycle,fatigue_power_4,fatigue_power_4_per_cycle,fatigue_power_5,fatigue_power_5_per_cycle,fatigue_power_6,fatigue_power_6_per_cycle,fatigue_power_7,fatigue_power_7_per_cycle,fatigue_power_8,fatigue_power_8_per_cycle,large_cycle_count_above_q75,large_cycle_weighted_count_above_q75,large_cycle_count_above_q90,large_cycle_weighted_count_above_q90,large_cycle_count_above_q95,large_cycle_weighted_count_above_q95,large_cycle_count_above_q99,large_cycle_weighted_count_above_q99,damage
train01.csv,5.935076837195951,5.877941,8.63142014337503,74.5014136914602,-19.34373,39.39125,58.73498,10.475044188683889,8.728351737774723,39.39125,-0.3043324038315018,0.014220077753871685,-15.473143,-10.280573,1.1274768,12.123761,19.721903,23.692183,7.334288,16.699768,19.721903,23.692183,29.335526,0.6555962488779099,0.8418242190492922,0.8418242191897825,7.77151747,11115.0,340284.0,179181.0,179168.0,1.0647891076552536,1.1795317073870577,0.7801869999999997,58.73498,1.3349849999999996,2.0024770000000007,2.661301,4.877028092000051,1.0631905154706252,440187.0044816891,2.4568394159765643,3265295.131142294,18.224767431362153,70118696.26450488,391.3572527711694,2444584127.75189,13644.088943069579,104581020494.31914,583703.6775223206,4952817937412.477,27643429.28096801,248359171861141.4,1386180410.9056382,43893.0,43882.5,17910.0,17899.5,8959.0,8949.0,1792.0,1782.5,0.103662995
train02.csv,-7.732027950401873,-8.015717,10.753981319809878,115.64811422681981,-37.650806,25.297182,62.947988,13.245088540761653,10.834830739951036,37.650806,0.17938363529458087,0.7433073793499321,-29.840237,-27.880156,-11.272601,-3.8021774,12.580031,21.151672,8.5642,25.715986,27.880156,29.840237,32.55238389300022,0.39134608853421743,0.5247498620304306,0.5247498624656394,15.8549847,4621.0,308566.0,165828.0,165818.0,0.687054061183021,1.0212708921265419,0.4379349999999995,62.947988,0.8673690000000001,1.4158511999999996,1.960083,4.344198040000044,0.6857477705162167,240751.71901839235,1.4519034062550047,2375278.4989588927,14.324611917637968,74270742.64317445,447.9051890818515,3460326501.9934645,20868.219988140398,182256036122.6852,1099133.0019822046,10070115503065.328,60729929.821040705,569677090647730.8,3435556397.060215,41155.0,41145.0,16552.0,16542.5,8284.0,8275.0,1659.0,1652.0,0.149208849
train03.csv,1.9267831672822162,1.9638029,9.01978088432064,81.35644720115604,-28.079456,29.944937,58.024393,9.223282527109218,6.7831962436406,29.944937,-0.1916012186416521,0.6611572628226323,-22.896507,-14.864844,-2.5941331,5.9562488,18.465061,21.373297,4.349066,17.703989,19.962759,23.109097,24.655691,0.5202774993140749,0.6692390464392847,0.669239046458161,7.16004106,12747.0,327882.0,173111.0,173099.0,0.8743839504628704,1.0642639037771329,0.6505266000000001,58.024393,1.088462999999999,1.7389885,2.1726730000000023,4.672734984999999,0.8733243407642333,321179.9323578977,1.855469600389937,2597282.7173420433,15.004608445698954,66004695.10138794,381.3118221444835,2649042911.869223,15303.62920565239,123941262722.33711,716013.7419761935,6156969844684.148,35569066.51502405,314615609735338.75,1817547240.222871,43272.0,43261.0,17213.0,17202.0,8656.0,8646.0,1732.0,1725.5,0.111297606
train04.csv,-2.4779050628525248,-2.5957277,6.969851630661143,48.578831753429796,-54.09785,38.48947,92.58732,7.397218751256445,5.877621809144323,54.09785,0.11237932304285024,0.20642085342756866,-18.591022,-14.3137045,-6.83903,1.4945098,9.751516,14.016078,4.9852424,12.204809,14.981450599999702,18.897152,22.26033,0.6488027439783727,0.8350372397472205,0.835037239761481,14.698495999999999,17647.0,330460.0,171874.0,171863.5,1.0992726249826268,1.7918676062861878,0.7610729999999997,92.58732,1.1990093000000002,1.9600825,3.04854485,7.840329951819999,1.0968925972587782,733601.2237501093,4.26851090400294,11766234.822032662,68.46267428530585,415219565.53433025,2415.9845780769638,21415899980.113483,124609.93742192777,1366308916286.5898,7949965.619730716,99114949100435.72,576707381.7328037,7785078066284762.0,45298030508.42536,42816.0,42805.5,17182.0,17172.5,8593.0,8584.0,1719.0,1711.0,0.894736481
train05.csv,3.074597879373266,2.9789214,8.83038255181263,77.97565601135692,-19.364319,29.429405,48.793724,9.350337327134433,7.164898302640969,29.429405,0.07648351309656971,0.2607937256169861,-15.563205,-13.177941,-0.38000515,7.855743,20.105196,24.65888,4.492564,15.011532,20.105196,24.65888,26.393618,0.3693749621958979,0.4761608002034278,0.4761608002037525,7.802064,16310.0,325970.0,176341.0,176329.5,0.6096516779216631,0.7370975495991215,0.43793600000000055,48.793724,0.7653248999999998,1.1990089999999993,1.5221464999999998,2.7126509999999993,0.6086639179953381,154335.3058646944,0.8752665088070596,1232235.248937476,6.988253519334405,34847168.50578181,197.62528961848022,1344048418.7958822,7622.368456757844,56648434373.9172,321264.6458699038,2480903389675.7554,14069701.26765944,110915424687027.67,629023644.2967721,44084.0,44073.0,17620.0,17610.0,8802.0,8793.5,1763.0,1757.0,0.054740135
train06.csv,-6.897782486915746,-6.5313053,10.940570022076649,119.69607240796225,-44.113018,40.77429,84.88730799999999,12.933502064203795,10.34648616287499,44.113018,0.08075371938619136,0.6637826604953294,-31.306578,-27.394917,-10.991449,-2.9597883,13.528716,21.687931,7.615516,24.231573,27.394917,31.306578,34.11702,0.4874982258352489,0.6476328432072486,0.6476328433993609,17.806563999999998,5898.0,311222.0,164703.0,164690.0,0.8618865023727982,1.4462176762510817,0.5442309999999999,84.88730799999999,0.9779153000000003,1.6326929999999997,2.7126520000000003,6.509514989999999,0.860084041226407,450603.8274472393,2.736072787948505,5975156.872625461,36.28123670305095,207400637.317784,1259.3395914614366,11041635939.0579,67044.96896628756,699174533750.279,4245397.618254169,48149764454898.09,292366048.0593727,3485717316613299.0,21165324650.02914,40889.0,40877.0,16363.0,16352.5,8231.0,8221.0,1648.0,1640.0,0.467359393
train07.csv,-0.01332306912495518,-1.0990919,7.273800356599723,52.90817162767026,-24.620083,21.027306,45.647389000000004,7.273812558200904,5.24453159245378,24.620083,0.129642382397834,0.5945682445937828,-18.480474,-13.599401,-3.2717648,3.1399589,14.20741,15.950651,3.2547574,14.105366,15.648772,18.582518,20.33001,0.45106427450619235,0.5696482651283293,0.5696482651749413,6.6328176999999995,9343.0,325655.0,177926.0,177914.0,0.7374012008682372,0.7337209497130235,0.6505263000000001,45.647389000000004,0.9779153000000003,1.3053050000000006,1.6369454,3.0442938749999997,0.7366537207211461,188401.6875648433,1.0589480735908545,1018961.8040107635,5.7272716256773695,20911916.44916875,117.53946541120288,670781605.7900659,3770.257572704036,24478936609.402184,137588.59116990335,941829548334.4412,5293734.88502558,37265086403315.61,209455615.65315607,44426.0,44415.0,17536.0,17526.5,8892.0,8882.5,1780.0,1773.0,0.028737481
train08.csv,1.363015578756441,3.2648609,8.907250103750016,79.33910441075467,-25.758049,28.776934,54.534983,9.010933130297186,6.871079342566628,28.776934,-0.22915262093712951,0.6894858680102711,-19.672602,-16.785913,-2.9549534,4.690867,18.292105,22.717493,4.3571205,17.241022,19.510063,22.83452,27.11254,0.5572180311310765,0.7282744722054156,0.7282744722258249,10.2291021,13136.0,333609.0,178428.0,178412.5,0.9085454608058153,0.9992965928364056,0.6674924999999998,54.534983,1.2179570000000002,1.7770894000000004,2.2235293,4.3343652811,0.9074756113861417,317679.6595394871,1.7805908192502604,2119927.0615068753,11.882166672777274,48284059.943412155,270.6315978051547,1861778790.6197152,10435.248598723269,85004163261.6381,476447.35240881727,4133799585597.256,23169898.88935616,206992023920419.5,1160187901.1864052,44599.0,44585.0,17833.0,17821.0,8895.0,8885.0,1785.0,1779.0,0.078418334
train09.csv,3.968364001449333,4.0923634,2.8841222881098316,8.318161372771891,-15.130052,31.197628,46.32768,4.905718522374767,4.237060023971969,31.197628,-0.17034834665231932,1.096785775620989,-3.4971106,-0.79296184,2.1322806,5.954654,8.225119,10.703921,4.1901546,7.2387,8.225119,10.708173,15.15131,0.5072969772912468,0.6485443902876801,0.6485443902944164,5.969536999999999,14626.0,337540.0,179347.0,179333.0,0.8231246948247029,1.0128206308785654,0.6547776999999999,46.32768,0.9821679999999997,1.5263982999999999,1.9600827,4.341094408,0.8219343683162383,298773.50897016283,1.6660263809235492,2070710.3132403495,11.546733246197574,33346906.427240036,185.94963797650203,800490206.8744242,4463.708335188862,24129940797.34671,134553.8233194488,838674295611.4629,4676631.158857895,31893306327006.586,177844046.14324516,44824.0,44811.0,17897.0,17885.0,8962.0,8951.0,1794.0,1785.5,0.033628754
train10.csv,-3.144712691729918,-3.7724147,15.500436437273631,240.26352974596008,-51.528698,36.99815,88.526848,15.816217868361809,11.570568665216843,51.528698,-0.08348501534782278,0.8941312918163473,-42.55314,-35.371838,-7.9264297,3.7362745,28.00133,31.279472,7.263148,29.266243,35.465374,42.55314,49.462322,0.4884634953493828,0.6283614216523129,0.6283614216539659,10.7995874,7919.0,317841.0,169667.0,169654.0,0.837810539224917,1.1655166734071927,0.6505260000000002,88.526848,0.9821673,1.5221475000000009,2.1726726999999997,4.898079999999999,0.8365715454806194,337092.14095542673,1.986938951957671,4823248.347017656,28.429912333441333,240407423.5506678,1417.0454192100851,16786841640.453094,98947.51459118615,1281462184847.7869,7553386.2145766495,101109451681804.23,595974463.8016447,8106914725735297.0,47784990190.24189,42339.0,42327.0,16960.0,16951.0,8481.0,8473.5,1696.0,1691.0,0.716510036
train11.csv,7.9354786033941,7.955661,4.63180149310024,21.453585071485612,-13.06952,32.471573,45.541093000000004,9.188329866543274,8.102746596565725,32.471573,-0.18456172785085836,-0.35606409566486574,-2.771646,0.1578483,4.6009855,11.761026,14.809572,16.85469,7.955661,13.733864,14.809572,16.85469,21.395618,0.5747286707000285,0.7197281614356176,0.7197281614633151,5.5358514,8594.0,349444.0,183371.0,183361.0,0.9119286669160609,1.0322164395976012,0.7610730999999995,45.541093000000004,1.1990089999999984,1.6326940000000008,2.0663777999999997,3.91166133,0.9107327904748828,340061.39420950424,1.8546004559830294,2576913.830907587,14.05377278105806,49613002.582508266,270.57554541319183,1345435056.720279,7337.629358043853,42692679977.596016,232834.02674285162,1485762689241.1157,8102937.316229273,54902459261027.25,299422773.9869833,45643.0,45633.5,18292.0,18283.0,9164.0,9155.0,1834.0,1825.5,0.056409053
train12.csv,-1.5447622467630022,-0.5107482,4.242997908846007,18.00303125447159,-36.812668,21.858004,58.670672,4.5154536486931045,2.85225161342107,36.812668,-1.4040995019596085,2.048830035638048,-14.018736,-11.850314,-2.2837512,0.777549,3.409417,5.692637,1.5343705,8.567921,11.854567,14.022987,18.644701,0.5028166755797661,0.643919572607477,0.6439195730259767,9.375231999999999,64605.0,324856.0,173389.0,173377.0,0.8438535867294295,0.9704183220317613,0.6505264,58.670672,1.08846233,1.63269355,2.07062965,4.247553999999999,0.8426617247277264,279892.14157817635,1.6143556618131376,1811774.962120206,10.449915283573981,34881561.20430571,201.18909200358587,1116288985.1038413,6438.50675178277,45021845191.50877,259675.99619043342,2063554974255.6943,11902126.431162694,102411435818027.56,590686399.107307,43225.0,43214.0,17298.0,17288.0,8667.0,8657.0,1733.0,1724.0,0.054978382
train13.csv,0.020318925604689207,0.18335913,2.918788630322143,8.519327068497812,-21.768717,19.656631,41.425348,2.9188593537948244,2.0364827157620784,21.768717,-0.11364566401968226,0.8448434548023016,-7.2190356,-5.6968884,-1.1261971,1.0422239,5.527879,6.7226367,1.0592312,5.6299224,6.390996,7.4316254,8.749179131000222,0.5419926943783151,0.6949876519751389,0.6949876519793076,8.04441704,107691.0,340915.0,180906.0,180887.0,0.8719254828763338,0.8874450414035834,0.65477814,41.425348,1.190506,1.7389885999999999,2.17267276,3.6948195984999996,0.8706049980496996,272974.98485573096,1.5090912274277917,1398125.0211497992,7.729273088446374,23390413.22674178,129.3095315127222,652777924.3571498,3608.76085267128,21505124293.850044,118887.06371298128,758163315349.5363,4191364.3067193124,27672869224285.41,152984289.7736455,45226.0,45207.5,18024.0,18008.5,8887.0,8875.5,1810.0,1799.5,0.028620288
train14.csv,-2.909583395633431,-3.040573,2.901234259821228,8.417160230360428,-20.387941,18.265228,38.653169000000005,4.108872809726068,3.4691296764563417,20.387941,0.35187324427933075,1.096097249680469,-9.150418,-6.8459396,-4.8816047,-1.1697781,2.1976523,4.612678,3.2404077,6.497291,6.935227,9.354505,14.023395668003548,0.41559003820087104,0.5397878650760243,0.5397878651185436,6.8666670000000005,16955.0,316497.0,170095.0,170085.0,0.7110328239879833,1.0104226867148047,0.5442309999999999,38.653169000000005,0.8716202300000001,1.3095563000000006,1.7432410000000003,4.145510506,0.709960512124091,254528.80372905743,1.496480017221139,2116212.412381139,12.442087264492102,36698326.528567486,215.76462667823432,849003797.492085,4991.644163165975,22773482139.915627,133894.7122904173,667717470580.724,3925786.933478696,20743700818572.26,121960789.12645008,42522.0,42512.5,16857.0,16847.5,8504.0,8494.5,1701.0,1692.5,0.035544524
train15.csv,-4.097311944669335,-4.9501653,4.974653287566468,24.74717533149587,-31.82583,23.473158,55.298988,6.444776218258155,5.48158741437689,31.82583,0.6021279201326087,0.8630630583664112,-13.951238,-11.969897,-6.7997007,-1.2723529,5.785645,9.365665,5.3795977,10.558297,11.986904,14.155325,18.394375,0.47183671231801394,0.6022250289867294,0.6022250289972273,6.9559535000000015,16294.0,328587.0,175880.0,175861.5,0.7808898329280533,0.9039058855439851,0.6505259999999993,55.298988,0.9821670000000005,1.5221464000000005,1.853787413,3.477977621000001,0.7795716470789003,243679.2032853461,1.385631325135667,1716856.0271336443,9.762546248801725,36825665.17755559,209.40151868120986,1212092906.8501754,6892.315298403433,48291498548.69993,274599.6056481943,2145507280737.8223,12199982.831590895,102041743703336.69,580239243.4008392,43935.0,43918.0,17505.0,17488.5,8794.0,8779.0,1759.0,1748.0,0.051323979
train16.csv,-6.39561189379945,-5.6065373,9.9425281820323,98.8538666505065,-55.69706,28.331377,84.028437,11.821916855849372,9.418733189674608,55.69706,-0.13966718351764223,0.4138044238034273,-30.823997,-24.271967,-12.048024,-1.2484365,10.864959,16.877012,7.685671,20.011656,24.271967,30.823997,39.7698,0.4957343364934167,0.6447204092516521,0.644720409666739,9.166894,7179.0,305683.0,162990.0,162978.5,0.885816715225161,1.537054360417012,0.5442320000000009,84.028437,0.9821673000000004,1.6326935000000002,2.3937666165000007,5.897254733,0.8837995253629098,495024.62368772127,3.0373615150938393,8245983.156227579,50.5955273623673,291334881.35418326,1787.5663437458516,14087997439.447126,86440.83384892563,804325198588.261,4935161.377655709,50725674190225.94,311241508.48256636,3414771435908819.0,20952281656.223484,40607.0,40596.5,16264.0,16254.0,8150.0,8140.5,1630.0,1621.5,0.61202604
train17.csv,-6.190596466655104,-5.421584,10.358194617430582,107.2921957325679,-49.495808,28.950016,78.445824,12.067132233697059,9.374906653994415,49.495808,-0.47761053739651765,1.1948580776263333,-34.236073,-28.228271,-9.031367,-1.8245562,11.819489,15.641863,7.500717,19.728912,28.232523,34.236073,44.397892,0.43522482044544425,0.5744796135170726,0.5744796138557232,11.547905,7225.0,314123.0,166830.0,166816.5,0.759760190207277,1.2718611109538165,0.5442280000000039,78.445824,0.8716204999999988,1.4158512000000005,1.9600819999999999,4.910835700000001,0.7580707317095012,350986.4224414715,2.1040270143629165,5233263.844819764,31.371380198120473,190585549.67960253,1142.4862029811352,9811232799.603466,58814.522541855666,588572173058.2561,3528261.131592235,38110045014412.445,228454889.1411368,2576660096548292.5,15446074558.261877,41699.0,41687.0,16680.0,16668.5,8322.0,8311.5,1668.0,1661.0,0.423558906
train18.csv,4.061950140234935,3.0272858,10.873316431167355,118.229010212294,-34.129246,37.60297,71.732216,11.607258468477756,8.616601575833204,37.60297,-0.07211562390886436,0.4748532113300237,-24.524418,-15.140681,-0.31463364,9.294448,23.946173,28.10869,6.30968,22.130651,24.634964,28.11294,32.241444,0.4699989216468125,0.6225820460026272,0.6225820462183451,11.569164400000002,15256.0,298599.0,160651.0,160640.5,0.8516948813380684,1.4453040362176275,0.5442309999999999,71.732216,0.9779150000000003,1.6326934,2.508566000000001,6.3266879,0.8501134625093735,438386.4263967903,2.728990674187333,6011826.531095606,37.42410245919059,192317477.2573743,1197.1917247355075,8911237264.706535,55473.16688323639,486381782780.7317,3027765.6181394584,28742114012639.297,178921965.58551112,1772909421978557.2,11036503384.75389,40128.0,40119.5,16005.0,15996.5,8029.0,8020.5,1607.0,1601.0,0.375658256
train19.csv,-0.015160703197088366,-0.15412797,3.1031879630466754,9.629775533997774,-18.483664,19.99518,38.478844,3.1032249968249497,2.3676865062365855,19.99518,0.09523808693701417,0.8081065030018806,-7.2716513,-5.0734673,-1.9101238,1.8697317,5.2881837,7.903044,1.882487,5.173385,6.249092,8.6428585,12.397203,0.5467922190016538,0.6917531750906534,0.6917531750923924,8.7034465,54080.0,346859.0,180615.0,180603.0,0.8809386061244139,1.042010993752238,0.65477816,38.478844,1.0884624,1.63269346,2.0706293999999996,4.3538493472,0.8796956515506996,329999.65407009097,1.8272102571390894,2316417.166984932,12.826017103729905,36928804.664383784,204.4750345475091,816233648.0735953,4519.491083058395,21132314829.76486,117009.76633702019,601432344019.328,3330134.848365354,18212395406818.59,100842153.26887476,45036.0,45024.5,18033.0,18021.5,9030.0,9018.5,1807.0,1796.5,0.033974091
train20.csv,-8.254081131711004,-8.255944,9.115645027425586,83.0949842660288,-39.69805,23.130886,62.828936,12.297350917774788,10.242549157799617,39.69805,0.11107843874320665,0.5784484338919351,-27.88228,-25.080341,-11.955016,-4.5653768,8.670495,15.320319,8.774665,22.461227,25.080341,27.88228,32.015038,0.590535139383634,0.7415690334682139,0.7415690338206946,10.21709,6985.0,353765.0,183968.0,183959.5,0.9339321733638951,1.0519728467627254,0.7610729999999997,62.828936,1.1947580000000002,1.7389899999999994,2.1769250000000007,4.1370066649999995,0.9327357099347358,353818.8999680013,1.923352150707092,2727396.1115575233,14.826068300672285,66825438.06380619,363.26168566345416,2652490949.41012,14418.885403635692,127231120910.69815,691625.7160445541,6650883978776.019,36154066.40470331,363657662506716.44,1976835458.3846796,45522.0,45514.0,18380.0,18372.5,9193.0,9185.5,1840.0,1833.0,0.115031186
train21.csv,-0.1419380049069589,1.203261,3.924486718011482,15.401595999848533,-33.045036,24.541424,57.58646,3.927052634875868,2.894616308296287,33.045036,-1.325741072531803,1.9090522455925032,-12.096388,-8.507863,-1.4413623,2.1769247,4.2390504,6.6583276,2.0663779,7.189804,8.5121155,12.10064,17.245325,0.3733320634989322,0.49354003683800374,0.4935400371263955,10.357399000000001,20655.0,303343.0,164750.0,164740.0,0.6596525083391076,0.934046301376522,0.4379359999999999,57.58646,0.7653251000000001,1.3095561999999998,1.7474925,3.9286687000000002,0.6584628973183075,208529.30695967656,1.2658085890474478,1680120.2142282908,10.198617301373623,36162597.45151348,219.51315680170862,1182199145.9835062,7176.15118358326,47112666356.977936,285981.94947783137,2103676105587.1484,12769674.065722644,101044780421689.03,613359113.886664,41058.0,41048.0,16440.0,16430.5,8228.0,8219.5,1647.0,1639.0,0.056276601
train22.csv,-4.0870558653786375,-3.50774,6.811861061945083,46.4014511272436,-31.297544,19.932467,51.230011,7.943895566658055,6.42702460087658,31.297544,0.06977977540041083,-0.7171550138164524,-15.837977,-14.749515,-9.689866,0.61226004,7.5809703,10.518968,5.2509804,13.669557,14.749515,15.842229,20.021755,0.5821416623341313,0.7306704148379378,0.7306704148401909,6.4117233,16798.0,350103.0,183904.0,183895.0,0.9209035460535606,1.0511300560470451,0.76107335,51.230011,1.1990093,1.6369457,2.0706290000000003,3.8053664494,0.919800920835118,351655.39007344964,1.9122618345982743,2946248.030911047,16.021360183316823,64304209.40160996,349.6789439713421,1948988887.4254608,10598.37889787901,68663021810.09213,373381.6678544394,2654950894852.4473,14437319.638122011,109527236724926.0,595596599.8255852,45696.0,45687.5,18375.0,18367.0,9094.0,9086.0,1840.0,1832.5,0.080670606
train23.csv,4.420352608073622,6.493039,11.766261792722448,138.44491657488007,-49.762604,43.288166,93.05077,12.569185882728572,10.142173969733689,49.762604,-0.32339865362049613,0.33612736419822387,-25.255196,-18.142138449999997,-3.2095819,9.5458355,23.755371,27.657722119999743,7.4879622,22.437313,24.41015,29.278265219999934,38.656887,0.5222438903923017,0.699538383481182,0.6995383835527877,14.945098,7755.0,304651.0,163542.0,163524.5,0.9304064509329225,1.640398534241898,0.6505259999999993,93.05077,0.9821675999999995,1.6326934999999998,2.5043136475,7.419400179999998,0.9279522253267373,559200.8943970476,3.4196765279639907,9128342.78277205,55.82247787195221,334057142.1929797,2042.8568330310118,18056335300.868652,110419.75545480128,1182125659463.4531,7229043.10646694,85530998432120.7,523046995.60078585,6564775728804928.0,40145517820.2956,40864.0,40847.5,16341.0,16325.5,8178.0,8165.0,1636.0,1627.0,0.789624017
train24.csv,-4.560233086580941,-4.705155,4.285552893095039,18.365963599515254,-29.688766,21.315899,51.004665,6.2579301213310785,5.297963201480322,29.688766,0.27771102042796275,1.4184116969668588,-14.947756,-11.3549795,-7.111677,-2.4346905,2.880067,7.14888,4.8327093,9.845588,11.45277,15.0455475,19.22750438200266,0.38135997729710785,0.5000816657745765,0.5000816658823496,6.1821264,8950.0,319613.0,174129.0,174117.5,0.6372821848594374,0.9481743036436588,0.4379360000000001,51.004665,0.7653249999999998,1.1990093999999996,1.63694522,3.5842725,0.6363964812466236,222212.38127701893,1.2762208352234492,2146269.178530288,12.326556368718181,46801965.63538784,268.79529992900103,1382142110.369983,7937.985040963619,47702657579.68323,273968.19722132024,1812385502339.331,10408979.581830265,73437005646206.48,421766942.7036713,42219.0,42210.0,17373.0,17364.5,8702.0,8694.5,1740.0,1733.5,0.060708901
train25.csv,-0.6673736492651721,0.22375128,8.565881208522951,73.3743208785266,-26.64341,23.978592,50.622001999999995,8.591839643886525,5.989196802729563,26.64341,-0.272243247521711,0.49241302935053444,-23.19945,-16.77497,-4.4447317,2.4134312,14.747921,17.26499,2.9183333,15.207115,18.030315,23.19945,24.721594,0.4484084899123415,0.5682464836466692,0.5682464836653646,7.270588,32701.0,321425.0,173290.0,173276.5,0.7529146413796239,0.9425444333992636,0.5442312,50.622001999999995,0.8716210000000011,1.41159955,1.9558299999999988,4.1285035,0.7519158490890862,246618.53180470198,1.4232658889387886,1813132.061071792,10.463808197140361,38936611.056419194,224.70797284351423,1317214452.4671104,7601.806664303067,53088772777.893295,306381.8393024634,2312471381268.189,13345556.848552395,104878840680077.45,605268692.9853584,43243.0,43230.5,17326.0,17315.0,8654.0,8643.0,1732.0,1723.0,0.057598512
train26.csv,-1.4719406129912014,-1.5370278,2.4323716083067954,5.916431640896986,-19.981361,18.880144,38.861505,2.8430689068451893,2.240440761813802,19.981361,0.14922870212022196,2.548442749497237,-7.8594637,-5.1340556,-2.8380806,-0.23172343,2.7530444,5.125552,1.9452012,4.466522,5.363653,8.195356,12.451414,0.4839226505278472,0.6184670673153999,0.6184670673348855,5.884499399999999,41175.0,334320.0,177137.0,177123.0,0.7951839729385505,0.9914256606543992,0.6505260000000002,38.861505,0.9821671999999999,1.5221465245999999,1.9558307,4.0392158,0.7938456517563841,279309.95643313974,1.576926522434352,1970869.1645735742,11.127121630581993,31277349.97922199,176.58548002925644,684823485.53002,3866.3724390961083,17586340981.40736,99288.86130772039,497351488172.3981,2807944.1301942607,14991232653732.555,84637413.85213979,44235.0,44221.5,17714.0,17700.5,8855.0,8842.5,1770.0,1760.0,0.028622651
train27.csv,2.6186302409375513,3.7283022,10.947330088470157,119.844036065924,-46.995743,44.42659,91.422333,11.256165439645805,8.756864395260072,46.995743,-0.271389905952549,0.3820192595157037,-25.086185,-18.861544,-4.018488,7.550676,21.198973,24.574907,5.5863414,20.604782,22.360779,26.616837,36.417248,0.4831366973157375,0.6531868823418305,0.6531868824430943,14.621960699999999,6457.0,306989.0,162643.0,162625.0,0.8652964668822758,1.544878060277337,0.5442309999999999,91.422333,0.9779153,1.6326920000000023,2.3980186,6.756119289999999,0.8632126499843935,491609.3730356877,3.0229630932248286,7776539.780212665,47.818845689240064,285291871.61760384,1754.2928308538283,15469499062.604338,95123.74519664465,1011287587701.6484,6218524.75143212,72936310013765.3,448493835.5957897,5578301059227470.0,34301620656.279602,40598.0,40581.5,16234.0,16219.0,8127.0,8114.5,1627.0,1618.0,0.672913029
train28.csv,0.13183487870521934,0.39169762,10.870513344743236,118.16806037824077,-33.05301,29.02336,62.07637,10.871312745638589,7.44609070686622,33.05301,-0.09949016170524634,0.6741078393513735,-28.58436,-20.875837,-5.0336065,4.2991076,21.344597,23.287674,4.608426,21.313772,23.270664,28.58436,29.893917,0.37498959976012153,0.5067745461439905,0.5067745461539847,8.367553999999998,27092.0,305616.0,166491.0,166480.0,0.6556017896967162,0.9279985492090876,0.43368430000000036,62.07637,0.765326,1.4115994999999995,1.9558300000000006,3.703323020000001,0.6544737542737925,205701.8649526791,1.2355950561789952,2145656.1220104583,12.88837170837613,78633412.64623842,472.3294849005191,3955281730.035322,23758.299675848884,215943840010.9781,1297115.8097728142,12187085399993.625,73204501.44157632,699885009405394.2,4204018557.216448,41608.0,41597.5,16634.0,16625.0,8309.0,8301.0,1665.0,1660.0,0.159309086
train29.csv,2.539481377924611,0.9970485,8.541671533119072,72.9601525796967,-23.306274,28.531746,51.83802,8.911179397168624,5.937069165350891,28.531746,0.33906792791489065,0.8885279401491131,-16.035686,-13.977812,0.12968008,6.7369866,21.057068,24.632837,2.0472445,15.533974,21.057068,24.632837,26.68646,0.42016722500974507,0.5311553961468267,0.5311553961780384,4.6599795,14837.0,322346.0,176425.0,176410.5,0.692752480662854,0.7563023920994628,0.5442312,51.83802,0.8716202000000001,1.1990093999999996,1.6326929999999997,3.2568834000000013,0.6920425871204889,181362.8587821868,1.0280729252634442,1156543.2300727905,6.55597728067655,28756920.668582924,163.0113891666478,1111779962.2782803,6302.232363029866,48371340756.6902,274197.6285804428,2198308986351.0322,12461327.337947754,102126135762650.55,578911888.8198296,43511.0,43497.5,17616.0,17603.0,8735.0,8725.5,1764.0,1759.0,0.045191049
train30.csv,-10.087520817000334,-10.273957,8.3863559999707,70.33096695824456,-35.58496,22.073782,57.658742000000004,13.118271349215933,11.347610253954473,35.58496,0.17175879685895162,0.6372492158646317,-27.995483,-25.58046,-13.437302,-6.5791383,5.5725236,11.984246,10.507808,23.29724,25.58046,27.995483,30.793175,0.5584675780503303,0.709778151831861,0.7097781522497797,9.349719999999998,5658.0,333932.0,176423.0,176410.0,0.9211422727258067,1.1646116506428268,0.6547790000000013,57.658742000000004,1.088462999999999,1.632695,2.28322,5.008627000000001,0.919834818006434,380094.61205777474,2.1546092174920624,3232057.915569989,18.3212851628025,67943259.4650665,385.14403642121476,2179219788.2635694,12353.153382821662,86608877066.09525,490952.1969621634,3875033097696.05,21966062.56842611,185885686422205.75,1053713998.1985474,44018.0,44007.0,17636.0,17625.5,8806.0,8795.5,1763.0,1754.0,0.09275185
train31.csv,-13.8668777008884,-14.693179,15.550462412087525,241.81688122974697,-61.633114,33.649857,95.282971,20.83523886114923,17.52521045139271,61.633114,0.14896836007471967,0.5782536337980817,-48.244183,-42.678566,-20.479887,-7.082446,15.762508,26.341,15.441496,38.17165,42.678566,48.244183,52.419453,0.5267888760008501,0.689533399792113,0.6895334004063854,9.7026205,3712.0,299214.0,159923.0,159913.5,0.9592914622494513,1.5223249025175405,0.650525,95.282971,1.0884625999999997,1.9558290000000014,2.8359569999999996,6.437235,0.9571644196166617,494538.11459834524,3.092535118037847,7419073.639284206,46.39429215972514,325005952.3448001,2032.3859608150663,21625046953.01149,135229.65198692723,1661434909455.689,10389585.053517614,135344235432274.66,846359034.3046376,1.1358822724855216e+16,71031043188.06865,39959.0,39949.5,15988.0,15979.0,7997.0,7988.0,1600.0,1592.5,0.928338975
train32.csv,-2.6744710890614876,-2.8651857,2.733618664529167,7.472671003062226,-32.342957,21.803793,54.14675,3.8243256411147795,3.2459679982242196,32.342957,-0.02305951499649751,1.068953188272967,-9.510758,-7.8653097,-3.953648,-1.3387874,2.3602839,3.6740918,2.9757328,5.6968884,7.8695617,9.510758,11.215227012000222,0.5382579350636719,0.7001153515835016,0.7001153516254108,9.2349225,16164.0,328964.0,175943.0,175926.0,0.890231539609237,0.9789057745579526,0.65477808,54.14675,1.088463,1.8452837000000002,2.3895148,4.1285036358,0.8889871678042642,300820.45444847195,1.7099260737382305,1954881.9278658223,11.1119557533612,41758163.73586786,237.36209392510406,1410005917.4275408,8014.767103370399,55940680698.99558,317978.4721928287,2413829885205.384,13720711.465078406,109887390799819.19,624622800.4946352,43972.0,43956.0,17541.0,17526.0,8788.0,8774.5,1760.0,1750.5,0.05965584
train33.csv,-4.936293249704214,-4.875227,3.101977785272302,9.622266180322857,-23.370583,14.461987,37.832570000000004,5.830030636917633,5.12811630255062,23.370583,0.06679910544236219,0.5602498380898586,-11.865196,-10.168725,-6.848065,-3.1319866,0.25670278,2.76952,4.943256,9.084515,10.168725,11.8737,15.22786857150022,0.4759740371415321,0.6576121412996027,0.6576121413720344,6.947451,8291.0,328040.0,174242.0,174230.0,0.7951149276938109,1.0759301029636075,0.5442312000000005,37.832570000000004,0.9779154069999999,1.5263980000000004,2.1769245,4.898080836,0.7937713266648969,305123.6664765126,1.751269393769802,2177462.2437664755,12.497630969215837,32661631.237904716,187.46272879472374,686438099.6245719,3939.838716779957,17120360178.244703,98262.98673158872,472277523988.0208,2710655.5931126717,13909919083053.652,79836532.6468097,43559.0,43547.5,17390.0,17378.5,8711.0,8700.0,1743.0,1733.5,0.028831268
train34.csv,2.2589791393636016,3.7766669,11.352490061289815,128.87903059168403,-47.729713,43.152645,90.882358,11.57506014428279,9.049957669727593,47.729713,-0.2742198957155718,0.3373562444405134,-26.364386,-19.816605,-4.7567077,7.1398454,21.540712,24.933655,6.051383,21.115532,22.873653,27.8674,37.593407,0.4673011146907399,0.6453121645289439,0.6453121646673943,14.405118600000002,5539.0,299176.0,160652.0,160635.5,0.8473141523621492,1.6062126833288155,0.5442309000000001,90.882358,0.8716210000000002,1.5263980000000004,2.3980186000000003,7.206811,0.8452600965165481,511796.2802779538,3.186072071727319,8381713.175508658,52.178461022057135,301994690.68623424,1879.9996930082966,16046389685.47702,99893.17234034208,1031283360439.6046,6420021.4799319245,73169947447940.06,455502970.68792427,5503910511960054.0,34263350952.685143,40114.0,40100.5,15965.0,15952.0,8021.0,8009.5,1607.0,1599.5,0.700103573
train35.csv,1.4326402096597968,0.92104745,3.117681545127688,9.71993821682977,-15.746033,21.788912,37.534945,3.431092564645237,2.5457862015012793,21.788912,0.45607733409247175,0.7116940541242047,-5.375877,-2.7610166,-0.7966821,3.408354,7.1371875,9.526703,1.7873529,5.921171,7.268994,9.648337089999806,12.928148,0.49168426614969396,0.627203437967697,0.6272034379745249,5.782456270000001,40296.0,334045.0,177364.0,177353.0,0.8066848748451717,0.9913155436334181,0.6505263000000001,37.534945,0.9821672100000001,1.522147,1.96008255,4.03921590424,0.8055320999944855,283977.57490164816,1.601199725415686,1989089.997250366,11.215429100440174,31542648.05099079,177.85235124858778,692217513.1951957,3903.0493602882143,17801362860.74188,100372.49361861304,503118452652.0638,2836819.52181279,15121857273027.715,85264175.24951771,44325.0,44314.5,17730.0,17719.5,8851.0,8840.5,1774.0,1764.5,0.028827561
train36.csv,5.908173987018056,4.689211,11.082261171918654,122.81651268261582,-23.678839,53.121532,76.800371,12.558783083702526,9.659202792507028,53.121532,0.3084217836364636,0.3586978359238131,-16.369984,-13.631822,1.9510475,11.862007,28.767189,33.66952,6.4196954,19.812885,28.767189,33.66952,35.944237,0.44995238579548774,0.6259016932992517,0.6259016934610298,11.786007699999999,5873.0,296240.0,160554.0,160541.5,0.8158689451217909,1.4191850646951452,0.4379362999999996,76.800371,0.8716203999999999,1.5263980999999998,2.504313514,6.547781473500001,0.814356040279579,417385.6694057103,2.5998615274287977,5387240.899608454,33.556687209278934,169798895.00611997,1057.6635636649712,8259330873.761053,51446.70302545481,483883442716.49927,3014070.7712118006,30919582767403.086,192595576.64157295,2073101032224843.2,12913178413.213053,39941.0,39929.5,16027.0,16015.5,8028.0,8019.0,1606.0,1600.0,0.332861874
train37.csv,5.43791781591798,4.803478,6.69263449209107,44.79135644472709,-28.730515,60.196007,88.926522,8.62335819837059,7.021384536358083,60.196007,0.18302385594821724,0.29374802031672864,-9.699432,-5.6857276,2.630805,9.412436,17.96707,21.640629,5.135119,14.544365,17.971321,21.640629,24.906017,0.5435288533068235,0.7278691372047423,0.7278691372916147,14.6049543,6077.0,309807.0,163480.0,163468.5,0.9678141882474554,1.625403379539834,0.5484840000000002,88.926522,1.0884620000000007,1.74749181,2.8359550000000002,7.517193321000001,0.9661033890468438,569337.3992662029,3.4828569373683793,7814924.828599942,47.80691588042921,244227324.7003023,1494.0329464104846,11870215734.050367,72614.69784117654,732731908118.509,4482404.304918128,51774281887526.47,316723294.625732,3962149291215101.0,24237998704.429913,40833.0,40823.0,16348.0,16338.5,8169.0,8161.0,1635.0,1628.5,0.50786784
train38.csv,-1.3836931509002441,-2.555867,8.4002769788727,70.56465332177866,-25.226496,23.02725,48.253746,8.513475204499445,6.416143369797383,25.226496,0.23832598714042832,0.7592862604848056,-20.018034,-17.84111,-3.9717183,3.1968267,15.339984,20.110512,3.8654232,17.309635,19.031616,20.658993,22.173194131000223,0.35816201588793684,0.4600739858471945,0.460073985888735,4.013705,7022.0,327868.0,177346.0,177332.0,0.587562617778106,0.6526106413362414,0.4379358,48.253746,0.7610739999999971,1.1947574999999997,1.4158515000000005,2.2874721650000005,0.5868505191132508,132832.17201514772,0.7490592336134918,856655.213439166,4.830798803595324,22762317.70359992,128.35989953082307,877656374.0907025,4949.227291694125,37260366539.99512,210116.42873251933,1638801131118.4805,9241429.246376742,73268369487389.66,413170603.6552323,44334.0,44320.5,17642.0,17629.5,8833.0,8820.5,1774.0,1768.5,0.035914277
train39.csv,-7.735784166498798,-6.3745203,10.905988884710439,118.94059355342763,-53.697124,28.435017,82.132141,13.370974168851015,10.50047622802047,53.697124,-0.5265517356931438,1.0474005110800353,-37.132084,-31.02649,-11.179061,-3.5385654,10.866553,14.795221,8.568453,22.616419,31.02649,37.132084,46.64763,0.471262542285907,0.6069300502153716,0.6069300506402763,10.693289,7915.0,313263.0,169613.0,169600.0,0.8089979392478878,1.2907260426374751,0.5442320000000009,82.132141,0.9779152699999999,1.4158514999999996,1.8537879999999998,4.9065841916,0.8073691548073232,377155.78883662866,2.2237959247442727,5976391.407884506,35.23815688611147,233795522.58830285,1378.5113360159366,12791749018.245766,75423.04845663777,810763919696.604,4780447.639720542,55288107134187.31,325991197.725161,3929158621918155.0,23167208855.649498,42403.0,42390.5,16654.0,16644.0,8467.0,8458.5,1697.0,1691.0,0.542141961
train40.csv,1.94936139815532,2.5165377,10.432386616993673,108.8346905264287,-28.751242,43.214825,71.966067,10.612949655352503,7.656784069730194,43.214825,-0.11900437364730171,0.8676829185045212,-24.609983,-19.299479,-2.245485,5.335485,23.23984,25.10213,3.915382,22.22472,23.89887,25.633606,27.381098,0.43962886599129264,0.5880820435689914,0.588082043628662,9.987491300000002,7180.0,317297.0,170410.0,170398.5,0.7506221716426089,1.075031142523775,0.5442309000000005,71.966067,0.8716205000000001,1.4158514000000002,2.0663774999999998,4.676602590000017,0.7496447649949795,284927.05931685853,1.6721218749980695,2773366.5963230236,16.275768837888968,85845990.8038582,503.79546066343426,4294656410.6985483,25203.60455460904,252734196837.57196,1483194.9626174641,15875447391755.629,93166591.20682183,1031957859839325.5,6056144037.883699,42548.0,42538.0,16973.0,16963.5,8513.0,8505.0,1705.0,1700.5,0.178849028
train41.csv,1.8244127133641732,0.71483487,5.74296065770166,32.98159711590908,-27.185514,38.105217,65.29073100000001,6.025784502004191,4.365934869190716,38.105217,0.5050142721218807,0.1803218392547521,-9.1366,-7.180769,-1.1102528500000002,5.5236278,13.725362,16.582575,3.0522652,9.584103,13.742369,16.582575,17.785837,0.5215314343981922,0.712413386672082,0.7124133866728828,13.278389839999999,29822.0,310626.0,165182.0,165171.0,0.9186686515317287,1.4206660493733543,0.5442313999999997,65.29073100000001,0.9821679999999997,1.7389890000000001,2.729659999999999,6.875170219000001,0.9174486611634095,464501.53142848867,2.8122462867482105,4498829.320968999,27.237404392835295,90071560.35115573,545.3230915303275,2830551359.968279,17137.09646347288,117593096561.06146,711947.5971027691,5752000303952.137,34824517.03962643,309381454970204.75,1873097910.4697843,41214.0,41203.5,16459.0,16449.0,8258.0,8250.0,1652.0,1645.5,0.132170551
train42.csv,0.9361207449914941,0.8301651,6.005932129879619,36.07122074872033,-34.961536,26.272972,61.234508000000005,6.078449045432869,4.665756432953946,34.961536,0.014878220934545563,0.13628291016096172,-13.94486,-8.931982,-2.6775749,4.1125593,11.43417,14.389175,3.2451909,10.911197,12.875531,14.62515,16.995531,0.5380633139281076,0.7006696207466301,0.7006696207607517,12.870217,13979.0,318078.0,167079.0,167068.5,0.9372343970859832,1.3630965017607273,0.6505261999999999,61.234508000000005,1.0884622999999998,1.8452839600000002,2.827451,6.330939044000001,0.9357802785282323,447274.4048831066,2.677191720061571,4254348.105948596,25.464693260241138,92336156.79333976,552.6844186267296,3091120115.6983423,18502.112101912342,128840029824.50174,771180.8618889961,6044293770397.177,36178536.17167316,304259902332988.9,1821168576.5598474,41475.0,41465.5,16708.0,16698.5,8347.0,8338.0,1671.0,1663.0,0.132121434
train43.csv,-1.3255869706217152,-1.6470433,6.727531870535664,45.259685069073086,-46.210224,33.800262,80.01048599999999,6.856884561209641,5.367275918718983,46.210224,0.07299944361776095,0.1553497257660239,-17.399984,-12.663472,-5.456661,2.5112228,10.398323,14.199437,4.2746596,11.358168,14.019798,17.629583,20.346485,0.5450206304559564,0.7083065449118966,0.7083065449135315,12.870217,18164.0,311122.0,165049.0,165036.0,0.9619236549168064,1.5982578742350613,0.6505264000000002,80.01048599999999,1.0884621000000005,1.7432399999999983,2.831702,7.144734631999109,0.9595538056846233,553320.7830092941,3.352727786721043,7627083.710067702,46.21466655800978,229409197.6936594,1390.0554890669878,10218413699.471478,61916.27099221671,565898630593.1703,3428940.5377806677,35610766509580.734,215775748.9855591,2420756326617066.0,14668050162.49222,41262.0,41250.5,16492.0,16481.5,8247.0,8236.5,1651.0,1642.0,0.435326638
train44.csv,-0.3407948698541764,-1.4493344,8.149859383262097,66.42020796694526,-31.43732,31.319334,62.756654,8.15698161762451,6.1751237795406455,31.43732,-0.16297490456487151,0.2534213455900982,-21.649664,-14.825516,-3.6220074,4.5244527,14.069758,16.025589,3.97597,14.176052,16.578323,21.649664,23.384401,0.5224496537839376,0.6801880077260176,0.6801880077689082,10.544478999999999,7867.0,322388.0,173671.0,173656.0,0.8754207606627706,1.1598701905323983,0.6547779999999999,62.756654,1.0842109999999998,1.6284418,2.2832196999999996,5.2169663,0.8741575884428641,358240.7328919806,2.0629332294420037,3488622.592183676,20.089271848848735,89929094.28337856,517.8576857890229,3337545282.7212973,19219.291488467414,143053720995.6538,823776.4372993378,6634498900992.746,38204835.42747009,325440042243866.4,1874050088.9336755,43367.0,43352.5,17341.0,17327.0,8683.0,8672.0,1736.0,1728.5,0.141935868
train45.csv,-2.8053415989531683,-4.215134,6.57487151057045,43.22893538051095,-37.124115,31.521294,68.645409,7.148347841797295,6.001117715444699,37.124115,0.4718070040994487,0.26890180510227735,-15.809809,-13.424546,-7.0510883,1.2229257,9.922121,13.889055,4.878416,12.102235,13.940078,16.141449,22.004184131000223,0.5162804292462868,0.6658390388657847,0.665839039026903,14.171268549999999,14299.0,324837.0,171314.0,171298.5,0.8771085617969925,1.2844065161789884,0.6505261000000004,68.645409,1.0884619999999998,1.6326937,2.2832197000000005,5.446564348,0.8757238585369194,403597.302490493,2.3561052927520847,4477091.596033602,26.136198484129178,116165563.09491849,678.1469954197993,4429613111.670461,25859.030357361335,209210750413.0694,1221322.7226920808,11273238758316.54,65810493.13517946,659739235634743.8,3851401125.139705,42605.0,42590.0,16920.0,16905.5,8543.0,8532.0,1714.0,1707.5,0.187610341
train46.csv,-1.572611106703667,-3.0246286,6.462928374244733,41.76944317061766,-31.052532,28.281418,59.33395,6.651507262534213,5.373563429177198,31.052532,0.38868148682575776,0.3770459616479802,-15.159283,-12.973855,-4.7763724,2.2348554,11.393246,14.586351,4.215134,12.310573,13.641388,15.703514,19.618921012000225,0.4959409020343527,0.6356572935711182,0.6356572936466146,12.8702172,14085.0,317910.0,171708.0,171695.0,0.8403896332543852,1.1310393561339833,0.6505266000000001,59.33395,0.9821671999999997,1.5221467,2.0706295,5.008627393,0.8392809372704534,333136.66660307255,1.9402817007080728,3037109.492615682,17.68898041652746,67213694.33409493,391.47147170328157,2227309884.4701314,12972.47959736819,91141897136.30833,530836.0589202268,4219226140856.9746,24573960.458120357,210852314809002.25,1228063221.46249,42883.0,42871.0,17168.0,17156.0,8563.0,8554.5,1718.0,1711.5,0.094676808
train47.csv,-1.2544758606937931,-1.1947575,7.767743724742156,60.33784257327115,-28.117193,25.323755,53.440948,7.868389432300271,5.4565899192959835,28.117193,-0.16890543205744,0.9940401683811806,-21.607677,-17.474922,-3.9286687,1.1905057,14.013952,15.965531,2.8317027,14.872817,17.58972,21.607677,26.81189,0.5626656664006956,0.7230380719001919,0.7230380719153547,10.761321200000001,32513.0,342415.0,181913.0,181894.0,0.8998212206308347,1.0039105734430247,0.6547789999999996,53.440948,1.1947559999999982,1.73898879,2.1769247,4.2390509000000005,0.8988083977291884,324102.26853824314,1.7818194582462485,2292731.8679479817,12.604769085005453,50071899.008521155,275.28065251476767,1703532750.8044116,9365.52470562202,67969298305.55665,373675.31807292515,2920803919139.101,16057725.483738337,131019651861229.31,720307716.9188061,45447.0,45429.0,18129.0,18111.0,9072.0,9054.5,1818.0,1812.5,0.072398903
train48.csv,-2.3247128401935897,-1.7889475,10.62681488944207,112.92919469446767,-35.327194,28.930351,64.257545,10.878119528844525,7.5099265985646895,35.327194,-0.10477434998093133,1.0989961358877491,-29.799845,-24.565872,-6.4786897,0.5878122,19.487091,21.851093,3.4301443,20.447998,24.576502,29.799845,33.805046,0.3605049028843042,0.48393334050744335,0.4839333405378948,7.1727968,9203.0,310847.0,169709.0,169695.0,0.6184825683889599,0.8390226319363451,0.433685999999998,64.257545,0.7610733999999999,1.3010526999999996,1.738987999999999,3.473725984,0.6172728974313444,174681.09303868393,1.0293826750268655,1644723.375268104,9.6922323890987,61256645.42230744,360.98085048061193,3209197588.532132,18911.562441628404,181414467054.7232,1069061.9467557867,10531901152114.254,62063709.31444211,619524826391030.6,3650813673.891574,42208.0,42194.0,16970.0,16956.5,8443.0,8430.5,1698.0,1692.5,0.132467063
train49.csv,4.2217887243790155,3.0124047,10.903758458968634,118.89194853153005,-34.365223,39.790527,74.15575,11.692538157509851,8.7602552228755,39.790527,-0.06582618774539803,0.45323276829489956,-24.318205,-14.942971,-0.24447884,9.683488,23.982311,28.527493,6.3415685,21.90743,24.730629,28.540247,33.757214,0.46999715582688906,0.62609706589985,0.6260970660682983,12.436532,13414.0,296934.0,158616.0,158604.5,0.8631038017216737,1.5408916130058157,0.5442309999999999,74.15575,0.9779153999999997,1.6326940000000008,2.6148580000000017,6.54353017,0.8610231021092276,475186.458395023,2.9960465081067875,7162504.442472995,45.15952852833933,239235295.0709579,1508.376465175691,11312501933.449238,71325.22679652367,630327652753.8536,3974210.3960092785,38246321610916.13,241142726.7884337,2435048080314095.5,15352957074.446787,39648.0,39638.5,15790.0,15781.5,7929.0,7921.0,1587.0,1580.0,0.476568618
train50.csv,3.5706925579457267,2.5962589,4.33470939054327,18.78970550046401,-21.366919,30.309528,51.676446999999996,5.616008444067103,4.289090108728503,30.309528,0.7497196216675688,2.6625278138696546,-6.932038,-2.9098299,1.9669918,5.444969,11.342224,17.064347309999743,2.7068062,9.59048,11.4187565,17.065155,24.785928131000222,0.306205855278327,0.413722241647525,0.4137222423520651,6.415975246,10911.0,303864.0,169236.0,169225.5,0.526763143341919,0.8039690866738415,0.3273899999999994,51.676446999999996,0.6547780000000003,0.9821673000000002,1.3095564,2.9294944,0.5257542167506846,150052.70451477286,0.8867026808298564,1374657.4103460405,8.123228534387787,30571992.570430424,180.65830841350993,939701319.4871124,5552.953423019063,34143282677.790028,201762.04341420194,1374718319730.6138,8123588.464685368,59154669492482.17,349561203.7930582,41147.0,41137.5,16827.0,16817.5,8447.0,8438.0,1693.0,1687.0,0.040152677
train51.csv,2.2539846677574595,3.815867,8.875071333126463,78.76689116808315,-25.380417,34.79791,60.178327,9.156819210324558,7.302179050936419,34.79791,-0.1282641019857408,0.30761146660199756,-16.75503,-14.54884,-2.269582,6.676548,18.6524,23.62825,5.072833,15.112307,19.098839,23.62825,27.607197,0.5761351605481149,0.7551671597860327,0.7551671599103313,10.4284836,9469.0,320097.0,170783.0,170771.5,0.981302999652366,1.2641072105493585,0.6674924000000004,60.178327,1.222291,1.8897831000000003,2.5529410000000023,5.873065018,0.9802662867122443,430128.28148571745,2.518735746220637,3751529.6388349175,21.968124885211626,84512358.97265607,494.8856159994851,3063302262.634402,17938.018127347957,136268918449.21912,797960.5405422985,6629424196234.75,38820436.643320166,337224991144774.4,1974714698.5578647,42666.0,42655.5,16992.0,16982.5,8538.0,8530.0,1708.0,1702.0,0.131487919
train52.csv,-7.762387359331533,-6.8555055,9.741899090558999,94.90459789063425,-58.13654,26.325588,84.46212799999999,12.456293807025597,10.078517681770595,58.13654,-0.17333862861835933,0.3503823309951395,-31.856127,-25.091501,-13.943267,-2.4931526,8.757126,14.764928,8.519025,20.712141,25.091501,31.856127,41.125065,0.5026383922994876,0.652756763070027,0.6527567636229195,8.950053,6311.0,316100.0,165861.0,165850.5,0.8827425856819446,1.5326837553000592,0.5442339999999994,84.46212799999999,0.9821671999999999,1.6326936,2.2917233,5.7867085199999995,0.8805904109263646,499554.85486097937,3.0120792814069257,8384815.866302369,50.55647023254298,297141629.75595945,1791.6233581204726,14299207721.775177,86217.4531989664,810691132932.1809,4888083.743685915,50841275130426.29,306548820.35584027,3412692371771140.0,20576919404.952896,41441.0,41431.0,16578.0,16568.5,8280.0,8271.0,1659.0,1650.5,0.616000631
train53.csv,2.4206183837935353,2.6828897,4.1011244804160745,16.819222003868013,-24.10774,24.902828,49.010568,4.7622069845636945,3.9836001866861874,24.902828,-0.6709416999669602,0.3889257040749854,-8.941547,-5.148937,0.08078431,5.5103407,7.997647,8.855704309999743,3.656553,7.6702576,8.176223,10.03001,13.601527,0.5166318486208265,0.6609217704499725,0.6609217705108443,12.0368627,25191.0,338658.0,179540.0,179526.0,0.8375172700912498,0.9646729824724676,0.6547779999999994,49.010568,1.0884623999999998,1.6326937000000001,2.0706300000000004,4.017957122,0.8361590611908191,284607.3281600068,1.5853265162706616,1830902.67411969,10.198537672090337,34526196.13221578,192.31863981938986,1042446775.3811212,5806.661850546,38240581256.36131,213008.59628333116,1545006330877.987,8606031.05331811,65911098363087.59,367139569.55030245,44868.0,44855.0,17945.0,17933.0,8950.0,8938.5,1796.0,1786.0,0.043912869
train54.csv,-4.15159299391777,-3.3886895,16.033101690980498,257.0603498333217,-53.751335,36.620808,90.372143,16.56188619150816,11.811966460113801,53.751335,-0.23221677988617445,0.956074363714543,-45.753685,-38.576637,-9.804665,1.9388236,27.530443,30.574736,6.526522,29.371477,38.576637,45.753685,51.582912,0.45397615844569533,0.5971064562252097,0.5971064562292172,12.64061844,9296.0,308009.0,166522.0,166508.5,0.7935119157208478,1.2257402301023128,0.5442312,90.372143,0.8716220000000021,1.415852000000001,2.1769247,5.123426758000001,0.792194306055859,341789.59061365935,2.052685542261562,5453974.927598804,32.75493399795689,279842498.23235214,1680.649926174052,19973599817.16413,119955.43661232988,1563019011306.3708,9387022.352050321,126665634296497.27,760715725.0020105,1.0441579890331608e+16,62708990173.66446,41609.0,41596.5,16576.0,16564.5,8324.0,8317.5,1666.0,1661.0,0.832608215
train55.csv,-3.122195273178067,-2.94597,3.4789364726954495,12.102998981050655,-32.746876,24.189056,56.935932,4.674516264268006,3.505196459367728,32.746876,-1.1533455733159335,2.2178998117414532,-13.418169,-11.35179,-4.1449795,-0.9986429,1.4929154,3.5848038,3.0235655,7.6697264,11.35179,13.418169,17.053463,0.3906492759659726,0.5153713261498668,0.5153713267069103,9.9237149,22339.0,309762.0,168010.0,167998.0,0.6769946967448665,0.9402409233862214,0.4379360000000001,56.935932,0.8716198999999998,1.30955625,1.8537870000000005,4.0349643,0.6756441046919309,218085.68077187665,1.2981445063148171,1710899.9478634242,10.184049499776332,36363019.30756188,216.4491202726335,1187910019.5428953,7070.977151769041,47207962825.600784,281003.1239990999,2090373865717.697,12442849.710816182,99130875431442.61,590071759.37477,41914.0,41902.5,16789.0,16777.5,8397.0,8387.0,1680.0,1670.5,0.055313708
train56.csv,-0.04922193579696088,0.5764706,5.317906304453788,28.28012746294935,-30.800001,24.411146,55.211147,5.31813409589425,4.47062245157476,30.800001,-0.5098776961447483,-0.4705559637998502,-12.881734,-10.346129,-4.03096,4.460062,7.0953565,8.764087,4.2650156,8.118266,10.450155,12.886068,15.334985,0.5245956423715967,0.6968769167696379,0.6968769167821554,8.8681112,16352.0,318005.0,169197.0,169186.0,0.9018074861524437,1.1277295643633123,0.6631580000000001,55.211147,1.1139313,1.7770900999999997,2.4445816999999996,5.218749361200036,0.9009388929915597,348093.4788752293,2.0574603033065935,2245542.5069137,13.272626026466138,32915153.010514617,194.5500987700792,822496409.2794719,4861.492140481316,28979959852.973907,171290.53144452797,1245287335953.6592,7360463.253186784,59442302351176.39,351342914.6098164,42288.0,42277.5,16899.0,16889.0,8459.0,8450.0,1692.0,1685.5,0.0400505
train57.csv,-4.180757814310115,-3.5863984,9.927059196753836,98.54650429585492,-54.74838,32.719772,87.468152,10.771501297301597,8.395257441328301,54.74838,-0.16450640129341423,0.37556177453659156,-28.672052,-21.822393,-9.92159,1.5370278,12.761796,18.46266073999974,6.741238,18.255129,21.920185,28.684001689999743,38.493725,0.5282123681351565,0.680102796407578,0.6801027966634912,9.600578,11009.0,312028.0,166159.0,166150.5,0.925020349150735,1.5592482087531374,0.6505264999999998,87.468152,1.0884621999999997,1.6369452,2.3980186,6.105593342000001,0.9237235011580884,534775.1956875084,3.218619237904842,9166177.470790826,55.16791987259037,335168225.26511824,2017.2567958875732,16757030965.529041,100854.5322796443,989258876640.8193,5953992.775470548,64584509441459.266,388710894.2883667,4507847248749608.0,27131108535.632504,41521.0,41512.5,16608.0,16600.5,8307.0,8300.0,1662.0,1655.5,0.728839308
train58.csv,-2.8718219804199814,-1.8973684,3.1134811558490036,9.693764907826846,-23.079866,20.692476,43.772341999999995,4.2356966835516205,3.1364714964292713,23.079866,-0.932632373966527,0.9313061272443157,-11.935883,-9.002136,-4.5930133,-0.84292054,1.0236223,2.6775749,2.0036635,7.586285,9.006600599999702,11.935883,14.623023,0.4220059670984876,0.5555738273881295,0.555573827571137,8.5078635,22507.0,321100.0,171707.0,171693.0,0.7153035878259361,0.9218102450406087,0.44218782,43.772341999999995,0.8716202700000001,1.4158515999999999,1.96008254,4.0392161,0.7141691437458313,228115.112464064,1.32862208980019,1509386.0848817148,8.791191748537884,27263873.16879587,158.79431991284366,758567179.1236389,4418.160199446913,25027415376.39183,145768.40859203247,894801219301.2388,5211634.832528052,33457465203724.97,194867963.18851072,42925.0,42912.0,17125.0,17112.5,8574.0,8562.5,1717.0,1708.0,0.031759612
train59.csv,-4.160113417856199,-4.1157484,8.937519964370976,79.87926311352977,-36.680332,25.17069,61.851022,9.858286198064905,7.625115874156491,36.680332,-0.10021919996086875,1.1277342712270166,-27.45391,-22.147657,-7.2748404,-0.53997934,13.571765,16.280165,6.0843344,15.744437,22.24545,27.45391,34.51191,0.4997046879879335,0.639320366928597,0.6393203670302225,6.4967597,11446.0,333758.0,176311.0,176300.5,0.8242610997594593,0.9140155166992254,0.65052636,61.851022,1.0884623599999999,1.6326935999999999,2.0663776,3.588524266,0.8235594583647241,261675.9327379333,1.4842608656125948,1825692.7528791782,10.355573313060248,48602203.05508073,275.6781918093297,2087772660.4387007,11842.125577855426,103108804382.41833,584846.9197898947,5376957049009.239,30498819.056152645,288473858522679.0,1636262282.4250584,44022.0,44013.5,17621.0,17614.0,8771.0,8765.0,1764.0,1760.0,0.09153768
train60.csv,-0.5679753604584991,0.39169762,2.9962477681142414,8.977500687929572,-26.675299,22.888002,49.563300999999996,3.049605990618712,2.151024643265128,26.675299,-1.2002437305450269,2.0680551940140384,-9.740356,-6.696063,-1.7682198,1.280325,2.8024716,5.098447,1.390872,5.5948453,6.71307,9.744608,14.230264,0.47811476368734446,0.6141324948962412,0.6141324950368257,8.622662300000002,38671.0,321345.0,171815.0,171804.0,0.8098173268516312,0.9496664625541478,0.6505262,49.563300999999996,1.0842106,1.52639844,2.0706290000000003,4.2518057,0.8086004207097217,261209.61807777788,1.520393111206828,1664021.5149339722,9.685580748608718,30280766.001233153,176.25181020950126,877131989.5136635,5105.422397113359,30764076903.841316,179064.96300343017,1188822923910.8682,6919646.363943029,48716990847354.766,283561447.04055065,42937.0,42926.0,17178.0,17167.5,8583.0,8573.0,1717.0,1707.5,0.038279074
train61.csv,-0.20088137024998112,-1.3642982,8.723115161305945,76.09273811740564,-31.943287,33.445236,65.388523,8.725427865859597,6.376372944491944,33.445236,0.16749528851516193,0.4509557208010353,-18.27373,-16.326405,-2.8694377,4.4861865,17.39467,21.837807,3.6358256,16.43695,18.585176,21.842058,23.262163,0.42698702961924156,0.5466202568624173,0.5466202568892317,12.6831377,6875.0,314450.0,171844.0,171835.5,0.7229752081036985,0.9040694347033721,0.5442312,65.388523,0.8716203,1.3053044999999996,1.849534000000002,3.9074090000000012,0.721999457810825,222478.00348525826,1.2947150238760807,1844085.3370422712,10.731690116665481,53401839.35835272,310.7730321054306,2364402727.6806955,13759.687187343101,119889031337.13568,697696.5256721439,6477790210893.792,37697624.826614946,364274696556601.5,2119903608.722304,42440.0,42432.5,17167.0,17160.5,8592.0,8586.5,1718.0,1713.5,0.103184684
train62.csv,-2.0777403828229657,-1.0842105,3.4573337253579157,11.953156488497244,-30.442932,22.15616,52.599092,4.033628836037169,2.6895683431628883,30.442932,-1.1806389543858062,1.4245726556231753,-12.10064,-9.791909,-3.2526317,0.004251806,2.1514137,3.8478844,1.5178947,7.836078,9.800412,12.10064,15.616883,0.504382683139708,0.6407286299264536,0.6407286302004417,9.592075000000001,64463.0,326686.0,174938.0,174925.0,0.8390226373988614,0.9463168082026131,0.6547780999999999,52.599092,1.08846223,1.5263982999999997,2.070628744999999,4.256057,0.8378058037543633,273310.0420355361,1.5624412864686927,1771249.2531612136,10.1257639168856,33436890.86604699,191.14986917848788,998117171.1868699,5705.972109114591,35976467348.6416,205667.95683087953,1433334466447.2388,8193994.377288774,60944054279559.45,348401053.47754437,43702.0,43689.5,17494.0,17481.5,8747.0,8734.5,1747.0,1737.5,0.046122257
train63.csv,2.4753409510687208,2.257709,2.9379934120522764,8.631805289262577,-14.962105,22.458038,37.420142999999996,3.84175976777575,3.043298162285363,22.458038,0.24236356723419686,1.3568456723137703,-4.604706,-1.9685862,0.7610733,4.090237,7.7127757,10.12355,2.389515,6.398968,7.802064,10.21709,13.736573905000444,0.42768135459891016,0.5504087934614833,0.5504087934823466,5.78245643,20207.0,327249.0,174991.0,174980.0,0.7113917386635998,0.9862741170113155,0.5442310000000001,37.420142999999996,0.8716202,1.3095562,1.7432406000000003,4.03496411,0.7101776234517202,252583.6620960765,1.4435001834271146,2010663.5217090505,11.490819074803124,33777159.99181918,193.03440388512504,760484412.9757888,4346.121916652125,19896548978.596424,113707.56074177862,569943811925.9221,3257194.0331804897,17317854831680.133,98970481.3789012,43746.0,43735.5,17314.0,17303.5,8749.0,8738.5,1750.0,1740.5,0.03208265
train64.csv,4.59035704894101,3.5295303,6.662994788310814,44.39549954905707,-27.402357,51.983112,79.385469,8.091160447415406,6.3889577485258275,51.983112,0.2857599392289466,0.1719342798839083,-9.476745,-6.4196954,1.6842467,8.669964,17.63277,20.711079,4.626497,13.491511,17.637022,20.711079,23.517271,0.5337574563616678,0.7063373209086645,0.7063373209981849,13.0870585,6667.0,307407.0,165218.0,165207.0,0.9402594979678244,1.456646656582081,0.6505265999999992,79.385469,1.0884619999999998,1.6326940000000008,2.623364315,6.96871,0.9387513824578739,484281.53656787955,2.9313620885790526,5618291.023097134,34.00758456419604,150760133.0101849,912.5529366805578,6408245500.63687,38789.18871861888,349443084279.2297,2115183.280849054,21889333982832.375,132496407.43329504,1486863508710018.2,9000003079.227987,40940.0,40929.5,16478.0,16467.5,8261.0,8252.5,1652.0,1645.5,0.280285955
